Algorithm,Total Distance,Execution Time,Number of Vehicles
Exact,451.3350802086181,600.0692038536072,8
Heuristic,499.44080789111035,0.0,8
