Algorithm,Total Distance,Execution Time,Number of Vehicles
Exact,203.07135789365265,3.466129779815674,2
Heuristic,289.3342890210926,0.0,2
